"ID","?HOBBIES NAME","STATUS"
"a016F00001f5XEhQAM","Glassblowing","Item Created"
"a016F00001f5XEiQAM","Origami","Item Created"
"a016F00001f5XEoQAM","Painting","Item Created"
"a016F00001f5XEpQAM","Photography","Item Created"
"a016F00001f5XEqQAM","Sculpting","Item Created"
"a016F00001f5XErQAM","Sketching","Item Created"
"a016F00001f5XEsQAM","Woodworking","Item Created"
"a016F00001f5XEtQAM","BASE jumping","Item Created"
"a016F00001f5XEuQAM","Skydiving","Item Created"
"a016F00001f5XEvQAM","Snowboarding","Item Created"
"a016F00001f5XEwQAM","Speed skating","Item Created"
"a016F00001f5XExQAM","Mountaineering","Item Created"
"a016F00001f5XEyQAM","Board games","Item Created"
"a016F00001f5XEzQAM","Bridge","Item Created"
"a016F00001f5XF0QAM","Chess","Item Created"
"a016F00001f5XF1QAM","Mahjong","Item Created"
"a016F00001f5XF2QAM","Marbles","Item Created"
"a016F00001f5XF3QAM","Poker","Item Created"
"a016F00001f5XF4QAM","Sudoku","Item Created"
"a016F00001f5XF5QAM","Video gaming","Item Created"
"a016F00001f5XF6QAM","Lego building","Item Created"
"a016F00001f5XF7QAM","Bird watching","Item Created"
"a016F00001f5XF8QAM","Kayaking","Item Created"
"a016F00001f5XF9QAM","Mountain biking","Item Created"
"a016F00001f5XFAQA2","Orienteering","Item Created"
"a016F00001f5XFBQA2","Rafting","Item Created"
"a016F00001f5XFCQA2","Sailing","Item Created"
"a016F00001f5XFDQA2","Backpacking","Item Created"
"a016F00001f5XFEQA2","Camping","Item Created"
